date,user_id,item_id,rating
2024-09-20,1,36,4.76
2022-07-27,1,16,4.04
2024-08-27,1,14,1.22
2023-04-30,1,4,4.42
2022-08-07,1,33,4.85
2024-05-05,1,11,3.48
2022-01-26,1,32,1.37
2022-11-12,1,8,1.55
2022-11-24,1,21,4.58
2023-12-09,1,34,1.11
2022-06-29,1,18,4.17
2022-02-22,1,12,3.25
2022-11-05,1,31,2.91
2022-11-08,1,9,2.15
2024-04-10,2,42,1.03
2023-05-18,2,25,4.69
2024-03-12,2,49,3.48
2024-09-25,2,38,2.64
2022-12-30,2,41,2.91
2022-07-28,2,16,1.89
2022-10-11,2,3,2.65
2024-06-28,2,26,4.73
2023-11-17,2,39,2.54
2022-04-04,2,40,2.83
2023-01-22,2,29,1.82
2022-06-27,2,15,2.05
2022-08-19,2,33,3.5
2022-03-15,2,46,2.68
2022-10-26,2,23,3.66
2023-04-17,2,50,3.4
2023-12-15,2,24,4.85
2024-01-13,2,11,3.85
2022-11-04,3,43,2.34
2024-11-28,3,17,4.4
2022-10-26,3,7,2.9
2022-04-05,3,34,4.46
2022-01-21,3,16,4.35
2022-07-23,3,42,1.99
2022-02-03,3,2,1.35
2022-03-14,3,19,4.26
2023-11-04,3,35,3.85
2022-03-31,3,9,1.2
2022-01-10,3,50,1.06
2023-12-30,3,5,3.99
2023-03-23,3,6,2.84
2023-03-12,3,25,1.91
2022-04-03,3,41,2.5
2022-01-02,3,44,3.08
2022-03-20,3,11,3.69
2022-08-22,3,48,4.05
2023-08-08,3,22,3.02
2024-04-06,3,40,4.46
2023-02-20,3,45,1.67
2022-06-28,3,47,3.96
2023-05-17,3,21,3.93
2023-02-27,4,9,1.11
2022-11-19,4,43,3.7
2024-05-16,4,42,4.53
2023-04-21,4,31,2.0
2022-11-08,4,34,3.68
2023-12-29,4,45,3.82
2022-08-20,4,11,4.65
2024-10-18,4,21,2.87
2023-09-13,4,36,2.78
2023-06-14,4,49,4.48
2024-11-02,5,13,4.79
2024-04-28,5,7,4.77
2022-02-01,5,28,4.52
2024-03-24,5,18,3.16
2022-04-04,5,35,3.85
2022-06-06,5,42,1.28
2024-12-18,5,21,1.9
2022-02-20,5,11,3.52
2023-01-10,5,30,2.02
2024-01-18,5,37,2.4
2022-12-13,5,33,3.89
2022-10-05,5,19,3.59
2024-11-30,6,37,4.1
2024-06-24,6,27,4.04
2022-01-14,6,47,3.05
2023-04-18,6,36,4.85
2023-09-29,6,3,4.52
2024-04-19,6,12,1.32
2023-07-02,6,16,4.11
2023-06-10,6,49,1.52
2022-03-08,6,2,4.37
2023-08-23,6,26,4.78
2022-01-28,6,18,3.42
2022-02-06,6,42,1.4
2022-09-05,6,14,4.71
2022-05-13,6,32,1.92
2022-08-19,6,1,1.59
2022-08-06,6,7,4.82
2024-06-23,6,44,4.8
2023-11-04,6,10,3.57
2024-05-13,6,31,4.48
2022-01-27,6,22,1.28
2024-12-07,6,46,1.51
2024-09-04,6,17,4.42
2023-11-21,7,44,1.73
2023-03-31,7,27,4.86
2022-05-17,7,15,2.95
2022-12-07,7,6,2.42
2022-05-08,7,34,3.01
2024-10-02,7,19,4.45
2022-03-14,7,50,4.85
2024-11-16,7,29,3.56
2024-01-19,7,12,4.58
2024-08-08,7,3,1.8
2024-06-06,7,37,1.84
2022-11-23,7,16,3.32
2023-04-19,8,30,3.44
2022-02-21,9,39,2.2
2024-09-17,9,49,1.24
2023-06-05,9,22,2.4
2023-07-23,9,9,2.43
2024-06-13,9,35,4.41
2024-09-11,9,17,3.59
2022-07-20,9,6,2.48
2024-04-10,9,47,3.25
2023-12-23,9,45,4.7
2022-10-21,9,50,3.09
2023-08-29,9,4,3.76
2024-11-18,9,10,4.61
2023-01-16,9,24,4.39
2023-04-18,9,18,4.69
2024-10-30,9,43,3.47
2022-07-12,9,5,3.07
2024-05-18,9,26,1.93
2022-11-14,9,23,4.18
2024-08-15,9,20,2.61
2024-03-01,9,36,4.59
2022-03-18,9,14,3.24
2023-04-28,9,12,1.96
2023-08-31,9,31,3.77
2022-11-14,9,38,4.05
2022-04-12,9,44,3.22
2024-04-28,9,32,4.91
2022-08-23,9,16,2.23
2023-05-05,9,15,3.95
2023-09-20,9,25,2.24
2024-12-09,9,11,3.78
2024-07-08,9,40,1.08
2023-01-01,9,21,3.18
2024-02-10,9,41,3.43
2023-07-26,9,3,4.71
2023-10-20,9,8,1.74
2023-05-01,9,42,1.28
2022-05-20,9,48,3.88
2022-03-11,9,37,4.64
2023-05-29,9,7,1.14
2024-06-11,9,13,1.06
2022-05-15,9,46,3.2
2024-01-21,9,33,2.32
2024-12-08,10,34,4.01
2024-12-07,10,12,1.39
2022-08-15,10,30,4.53
2022-02-12,10,43,2.97
2022-09-06,10,21,2.45
2022-10-11,10,41,4.31
2022-10-25,10,1,3.7
2024-10-28,10,35,1.28
2022-03-25,10,42,2.69
2024-02-11,10,14,3.51
2022-11-03,10,39,2.72
2024-04-19,10,16,1.22
2023-08-25,10,26,4.22
2022-02-14,10,6,4.32
2022-02-19,10,28,3.5
2023-01-29,10,5,1.53
2023-06-04,10,24,3.38
2024-06-23,10,3,2.86
2022-01-03,10,22,3.58
2022-05-01,10,9,2.67
2022-01-08,10,2,1.93
2024-10-04,10,7,2.71
2024-04-02,10,19,3.58
2023-11-02,10,25,2.45
2024-06-09,10,8,3.92
2023-12-20,10,38,4.79
2022-01-20,10,46,1.53
2024-12-24,10,20,4.79
2024-11-24,10,50,1.0
2022-03-14,10,36,1.44
2022-02-13,10,33,2.04
2024-09-21,10,4,4.59
2023-08-24,10,49,1.79
2022-09-21,10,37,3.15
2023-05-27,11,8,4.34
2023-06-07,11,18,1.65
2022-11-15,11,14,2.93
2024-09-17,11,41,1.39
2023-12-03,11,16,1.75
2022-12-16,11,17,2.35
2022-04-12,11,2,3.35
2022-02-08,11,12,2.23
2023-12-21,11,5,4.43
2024-06-18,12,13,4.91
2024-01-28,12,5,1.81
2022-01-14,12,1,4.43
2022-01-29,12,6,4.48
2022-08-29,12,27,1.77
2022-10-09,12,3,3.13
2023-12-18,12,14,2.59
2023-02-06,12,12,2.09
2024-05-03,12,46,2.7
2024-06-04,12,18,2.18
2022-06-25,12,37,2.35
2023-12-04,12,9,1.22
2024-07-02,12,2,2.98
2024-02-12,12,10,2.78
2023-02-22,12,42,4.21
2024-05-11,12,47,2.05
2023-11-01,12,15,1.45
2024-10-25,12,49,2.65
2023-03-17,12,40,2.53
2024-07-31,12,4,2.52
2023-05-02,12,30,3.36
2023-05-09,12,48,2.06
2022-11-18,12,44,1.72
2023-09-19,13,48,2.36
2024-10-06,13,5,3.81
2022-10-19,13,12,3.86
2024-01-30,13,35,3.69
2023-02-12,13,30,1.69
2023-12-23,13,39,1.74
2024-05-09,13,31,1.78
2024-09-30,13,13,3.97
2024-11-12,13,29,4.65
2023-07-21,14,31,1.26
2024-03-29,14,13,4.5
2023-01-25,14,28,2.51
2023-04-04,14,32,3.03
2023-02-03,14,48,1.35
2022-08-31,14,15,4.68
2023-12-06,14,35,3.7
2024-10-23,14,46,1.31
2024-04-01,14,3,1.43
2023-03-29,14,39,4.62
2024-12-07,14,22,3.05
2022-06-21,14,5,3.08
2024-03-30,14,21,2.04
2024-03-08,14,4,3.24
2022-07-07,14,41,4.36
2024-04-21,14,47,4.88
2023-09-09,14,11,4.05
2023-07-11,14,27,4.01
2024-08-06,14,18,1.93
2022-08-19,14,24,1.4
2024-04-26,14,14,2.83
2024-07-31,14,33,3.51
2024-11-25,14,26,1.76
2022-01-11,14,6,1.56
2022-08-24,14,42,1.19
2024-08-18,14,9,3.65
2024-05-04,14,43,1.29
2022-12-04,14,25,3.83
2023-07-08,14,29,4.93
2023-09-01,14,20,3.32
2023-01-14,14,45,4.81
2023-04-05,15,7,2.57
2024-09-21,15,49,4.95
2022-08-08,15,25,3.43
2024-07-20,15,9,1.57
2024-03-26,15,30,3.68
2024-08-31,15,42,2.76
2024-03-11,15,35,2.82
2023-11-20,15,18,3.59
2022-09-03,15,41,2.87
2024-12-01,15,21,3.53
2022-09-19,15,36,3.03
2022-12-02,15,43,1.5
2023-12-25,15,13,1.62
2024-05-26,15,14,1.94
2024-09-23,15,11,2.74
2022-08-10,15,33,1.21
2024-05-18,15,45,1.97
2023-01-19,15,10,4.31
2023-12-26,15,29,3.43
2023-05-17,15,28,1.28
2023-05-25,15,47,2.26
2022-06-30,15,44,4.92
2022-09-16,15,34,3.32
2023-02-23,15,48,3.77
2024-05-18,15,8,1.13
2024-12-28,15,32,2.54
2024-02-04,15,4,2.75
2023-04-04,15,15,1.2
2023-10-24,15,17,1.24
2022-03-08,15,46,3.65
2024-04-13,15,31,1.03
2024-06-14,15,26,2.31
2023-09-09,15,16,3.14
2024-11-30,15,19,2.05
2023-12-24,15,22,2.04
2024-05-02,15,27,1.19
2022-01-03,15,40,3.32
2023-12-05,15,5,1.84
2023-04-30,15,3,3.73
2023-05-05,15,2,2.82
2023-03-31,15,39,4.77
2024-10-02,15,37,4.75
2024-05-12,15,12,1.71
2024-01-24,15,38,1.75
2022-11-29,15,23,3.61
2024-04-27,15,24,3.21
2024-02-16,16,45,4.16
2023-05-01,16,29,2.44
2023-04-23,16,9,1.88
2023-01-24,16,3,1.66
2023-04-26,16,2,3.81
2022-03-13,16,12,1.13
2023-07-10,16,26,2.96
2022-07-01,16,38,1.79
2024-09-08,16,25,1.45
2022-10-23,16,27,4.96
2023-06-01,16,48,3.15
2024-06-28,16,11,1.96
2023-04-03,16,21,4.12
2023-03-14,16,1,4.84
2024-11-05,16,22,4.09
2022-09-10,16,16,1.46
2023-07-10,16,13,2.58
2023-04-21,16,5,1.27
2022-06-08,16,18,1.21
2023-10-16,16,49,3.88
2024-11-18,16,23,1.18
2023-06-15,16,39,4.95
2022-11-06,16,28,2.0
2024-10-29,16,47,1.16
2022-06-21,16,30,1.4
2022-03-24,16,6,1.89
2024-09-01,16,15,1.93
2022-09-19,16,24,3.08
2023-07-08,16,35,2.61
2024-08-20,16,10,1.35
2022-08-08,16,32,4.49
2023-04-20,16,7,4.63
2023-04-29,16,17,1.05
2022-10-05,16,4,4.73
2024-03-17,16,43,3.59
2024-06-20,16,42,1.32
2024-10-19,16,50,4.32
2023-02-14,16,20,4.42
2022-05-05,16,34,4.72
2022-10-01,16,19,2.12
2023-05-08,16,41,4.84
2022-12-04,16,8,2.3
2022-11-17,16,36,1.88
2024-03-11,16,44,1.6
2023-10-30,16,33,4.35
2023-09-25,16,14,1.95
2024-10-22,16,31,2.67
2022-12-31,16,40,4.29
2022-10-26,16,37,3.16
2022-12-13,17,2,4.68
2023-11-25,18,43,3.03
2022-09-07,18,47,2.43
2023-09-03,18,29,4.21
2022-04-11,18,8,2.82
2024-10-03,18,14,1.23
2022-07-13,18,20,2.8
2024-06-11,18,39,3.8
2023-03-09,18,46,1.67
2023-05-30,18,12,3.14
2022-01-28,18,35,3.24
2022-02-08,18,37,2.09
2024-05-04,18,49,3.48
2023-11-24,18,6,3.08
2023-01-15,18,48,3.66
2023-03-11,18,28,4.6
2022-09-15,18,45,3.85
2022-10-27,18,24,2.64
2023-08-22,18,22,2.09
2024-07-09,18,5,4.25
2022-05-25,18,33,1.79
2024-08-15,18,31,2.46
2024-06-21,18,13,3.16
2023-04-17,18,21,2.73
2024-07-25,18,2,3.14
2023-09-24,18,3,4.93
2022-04-24,18,1,1.58
2024-04-03,18,16,4.02
2024-01-16,18,9,3.33
2024-02-03,18,25,2.62
2022-06-11,18,40,3.09
2022-02-26,18,27,4.48
2023-02-23,18,50,1.76
2022-05-21,18,15,3.53
2024-09-05,18,18,2.84
2024-08-28,18,4,3.55
2023-05-21,18,23,4.01
2022-03-07,18,38,1.5
2024-09-09,18,26,2.29
2023-09-06,18,32,4.59
2023-10-12,18,34,1.07
2023-08-28,18,7,3.88
2022-09-21,18,41,4.06
2022-10-02,18,10,4.43
2023-05-18,19,22,4.25
2023-09-23,19,45,4.63
2024-02-22,19,24,3.27
2023-02-02,19,21,2.91
2022-10-23,19,37,4.65
2024-09-23,19,9,1.86
2024-03-19,19,47,1.03
2024-03-18,19,8,3.37
2022-02-26,19,26,2.29
2024-01-19,19,12,2.07
2024-03-12,19,5,1.3
2022-04-29,19,29,1.7
2023-09-12,19,48,2.11
2022-01-30,19,32,4.45
2023-10-02,19,35,2.87
2024-04-17,19,3,4.15
2022-07-14,19,13,1.01
2024-11-28,19,50,3.87
2022-09-22,20,36,1.01
2023-08-22,20,10,1.09
2023-01-22,20,11,2.04
2022-02-03,20,46,2.95
2024-10-16,20,9,2.17
2024-08-13,20,19,4.25
2023-08-31,20,47,4.09
2022-12-05,20,45,1.88
2022-12-27,20,38,3.3
2024-07-18,20,49,4.13
2023-06-14,20,4,3.67
2024-06-15,20,16,4.31
2024-09-28,20,41,3.32
2023-03-26,20,39,2.41
2024-05-31,20,5,3.74
2022-11-20,20,25,1.69
2023-12-11,20,8,4.18
2024-07-17,20,18,3.76
2023-01-20,20,23,2.42
2023-10-22,20,27,2.96
2023-07-14,20,13,4.31
2022-07-13,20,40,4.08
2023-07-10,20,24,3.1
2024-12-19,20,17,3.51
2022-03-10,20,35,4.12
2024-02-29,20,26,4.71
2023-04-17,20,1,1.34
2024-12-06,20,2,3.31
2024-10-04,20,30,4.89
2023-03-15,20,6,4.22
2022-09-19,20,3,3.98
2023-06-29,20,33,3.31
2024-03-25,20,31,3.9
2023-05-16,20,34,1.77
2024-08-08,20,28,4.5
2024-10-01,20,42,3.03
2023-02-16,20,21,3.1
2023-12-09,20,48,4.82
2024-02-14,20,32,2.07
2023-03-13,21,13,1.37
2023-04-18,21,25,1.78
2023-11-10,21,5,3.06
2022-12-02,21,32,2.55
2023-02-03,21,26,3.02
2023-01-29,21,7,3.46
2022-02-09,21,29,4.98
2022-07-16,21,16,4.0
2022-07-31,21,1,3.32
2024-02-17,21,38,3.55
2023-10-22,21,41,3.19
2022-02-23,21,44,3.42
2023-06-09,21,19,3.45
2023-08-23,21,9,2.53
2024-09-06,21,10,3.69
2022-06-15,21,23,4.93
2024-05-05,21,47,1.63
2022-04-02,21,15,2.28
2023-07-18,21,12,4.79
2023-03-02,22,7,3.63
2024-06-23,22,9,3.6
2023-03-15,22,16,4.76
2024-02-01,22,18,4.64
2022-11-08,22,1,4.63
2022-12-11,22,12,3.54
2023-08-05,22,20,2.41
2022-05-31,22,46,1.27
2024-03-27,22,10,1.16
2023-10-26,22,39,3.15
2024-03-20,22,28,3.32
2024-04-03,22,49,5.0
2022-10-12,22,38,1.03
2022-10-22,22,15,4.1
2024-11-08,22,33,4.02
2023-03-14,23,9,1.36
2022-08-20,23,10,1.95
2023-11-07,23,38,3.48
2024-07-08,23,15,4.79
2022-05-10,23,6,4.43
2023-03-04,23,29,1.89
2022-01-25,23,40,2.38
2024-06-11,23,34,4.83
2024-07-07,23,25,2.33
2024-08-24,23,31,3.19
2023-09-01,23,17,1.32
2024-10-27,23,46,3.6
2023-08-20,23,50,3.47
2022-01-27,23,49,1.88
2023-06-25,23,13,3.59
2024-05-23,23,42,1.39
2023-06-15,23,7,1.34
2022-09-01,23,2,3.66
2023-02-04,23,3,4.77
2023-04-10,23,27,1.16
2024-12-17,23,37,5.0
2023-09-07,23,28,3.12
2022-03-01,23,26,1.58
2024-08-31,23,44,2.55
2022-04-14,23,18,2.81
2023-12-10,23,1,3.59
2022-04-18,23,41,3.65
2022-12-07,23,30,2.3
2023-01-24,23,48,2.31
2022-10-07,23,12,1.34
2022-10-28,23,32,3.68
2024-10-17,23,19,1.56
2022-03-08,23,8,1.32
2023-09-25,23,11,1.03
2023-05-25,23,24,4.72
2024-09-02,23,16,2.01
2024-12-12,23,21,1.09
2022-04-02,23,39,3.78
2022-11-18,23,20,2.27
2024-03-25,23,45,4.15
2022-07-20,23,4,2.85
2024-03-09,23,22,1.19
2024-10-08,23,43,4.9
2024-04-14,23,23,2.94
2024-08-14,23,33,3.97
2022-05-21,23,47,3.6
2024-10-18,23,35,1.16
2023-12-13,23,36,1.46
2023-09-12,24,35,1.15
2023-10-25,24,3,1.82
2022-04-24,24,1,2.04
2022-10-22,24,6,2.55
2024-11-27,24,45,3.83
2024-08-01,24,25,1.18
2023-07-13,24,16,2.89
2023-03-29,24,2,3.9
2023-06-16,24,46,3.64
2023-04-28,24,48,1.87
2023-09-30,24,42,4.59
2023-11-02,24,28,4.56
2022-08-12,24,21,2.12
2023-11-04,24,31,2.41
2022-05-14,24,11,2.26
2023-10-04,24,29,3.72
2022-04-25,24,30,1.36
2023-11-20,24,20,1.79
2024-07-25,24,34,1.75
2022-06-07,24,26,2.87
2023-06-16,24,41,4.62
2022-02-14,24,27,1.14
2023-11-14,24,5,2.21
2023-04-21,24,50,3.97
2023-09-24,24,39,3.7
2023-07-16,24,24,4.22
2024-10-06,24,43,3.51
2022-10-01,24,12,2.64
2023-02-06,24,18,3.12
2024-11-26,24,37,4.86
2024-08-20,24,40,4.31
2023-08-15,24,36,2.29
2023-07-11,24,10,3.81
2024-12-08,24,33,3.9
2024-03-16,24,32,4.19
2022-12-26,24,8,2.02
2023-09-27,24,49,2.84
2024-11-02,24,17,2.49
2023-06-22,25,18,2.27
2022-01-17,25,33,1.0
2023-04-08,25,12,3.16
2023-08-01,26,45,3.0
2023-12-14,26,46,3.21
2023-11-06,26,47,4.4
2024-08-09,26,6,4.2
2024-06-09,26,33,3.01
2024-07-26,26,3,2.75
2024-06-29,26,26,2.54
2023-10-29,26,41,2.55
2024-04-14,26,19,1.67
2022-03-03,26,27,4.56
2022-01-05,26,39,3.85
2023-03-03,26,30,1.65
2023-01-06,26,48,4.53
2024-12-08,26,28,4.28
2023-09-04,26,40,3.68
2022-05-16,26,4,3.22
2024-09-06,26,13,3.26
2022-09-29,26,17,2.09
2022-03-11,26,14,3.54
2023-10-23,26,36,3.67
2024-08-01,26,31,3.39
2023-08-10,26,42,1.79
2024-09-16,26,5,1.29
2024-12-20,26,1,1.17
2022-10-22,26,18,4.35
2023-10-06,26,8,4.57
2023-11-22,26,12,2.08
2024-06-22,26,37,2.74
2022-12-19,26,2,2.04
2023-03-17,26,44,1.44
2024-03-15,26,20,2.36
2022-11-30,26,35,3.72
2022-02-10,26,7,4.54
2023-01-14,26,16,1.27
2022-05-19,26,50,1.87
2022-01-08,26,32,3.56
2023-11-16,26,15,3.91
2024-08-12,26,10,1.76
2024-11-17,26,21,3.99
2023-08-01,26,49,1.74
2024-01-07,26,24,1.94
2023-09-09,27,20,3.87
2022-04-12,27,7,3.39
2023-01-09,27,35,4.92
2023-09-09,27,23,3.21
2023-07-04,27,14,3.42
2022-09-21,27,29,2.5
2022-01-25,27,28,3.43
2023-02-05,27,22,1.7
2023-12-15,27,27,1.03
2022-08-02,27,39,3.54
2023-05-27,27,26,2.83
2024-04-16,27,47,3.39
2023-02-22,27,44,4.1
2022-07-29,27,21,2.01
2024-12-26,27,42,1.6
2024-01-20,27,31,5.0
2023-03-10,27,11,2.41
2023-01-21,27,50,2.31
2023-06-20,27,38,3.98
2022-09-26,27,16,3.75
2022-06-30,27,4,1.88
2023-10-04,27,30,3.83
2024-03-08,27,17,4.5
2024-01-24,27,6,4.3
2024-03-05,27,49,2.99
2024-04-06,27,36,3.23
2024-12-20,27,12,2.65
2022-07-08,27,43,1.05
2022-11-16,27,33,1.18
2024-03-29,28,6,3.65
2022-01-14,28,40,3.52
2023-05-26,28,30,1.9
2023-05-16,28,27,1.26
2024-08-14,28,36,3.71
2024-04-24,28,28,3.97
2023-02-05,28,32,4.38
2023-01-22,28,9,2.32
2024-11-05,28,10,2.64
2022-12-28,28,12,3.54
2023-09-10,28,16,1.05
2024-12-21,28,29,3.73
2023-01-21,28,19,3.32
2023-09-02,28,23,3.97
2024-04-20,28,8,2.32
2024-10-18,28,39,2.84
2024-10-06,28,47,4.97
2024-08-01,28,11,3.91
2024-04-20,28,48,2.51
2024-08-19,28,21,3.1
2023-03-02,28,42,4.7
2023-01-28,28,5,2.02
2022-09-18,28,4,4.02
2022-03-28,28,46,4.32
2023-07-10,28,17,1.37
2024-10-12,28,18,1.8
2023-11-24,28,20,4.49
2024-02-24,28,45,1.52
2023-10-19,28,26,1.62
2022-04-16,29,7,3.45
2023-04-06,29,15,1.96
2022-06-14,29,30,1.71
2022-12-15,29,25,2.64
2023-03-06,29,36,4.83
2023-06-24,29,6,3.46
2023-08-12,29,5,3.08
2024-10-28,29,42,3.29
2023-09-14,30,21,4.52
2023-02-14,30,18,3.72
2022-11-04,30,27,4.7
2022-12-07,30,36,3.43
2024-11-20,30,12,2.0
2024-10-04,30,35,4.05
2024-03-27,30,31,4.87
2023-04-14,30,37,3.91
2022-06-18,30,46,3.79
2023-12-30,30,14,2.35
2024-08-15,30,39,3.31
2023-10-24,30,50,2.42
2022-06-12,30,24,4.0
2022-05-25,30,29,1.83
2023-05-09,30,15,3.07
2023-08-27,31,18,4.44
2023-03-14,31,41,1.64
2022-07-09,32,44,2.71
2022-09-21,32,26,1.3
2022-08-30,32,9,2.02
2022-09-07,32,37,2.63
2024-02-18,32,30,1.74
2023-09-30,32,6,2.0
2022-07-15,32,49,3.26
2023-08-15,33,12,3.86
2022-05-13,33,34,3.51
2024-01-08,33,40,1.73
2023-06-21,33,41,1.46
2023-03-21,33,19,4.61
2024-10-19,33,50,1.85
2022-09-27,33,35,1.69
2024-02-07,33,16,2.6
2023-08-21,33,6,4.62
2024-07-27,33,5,4.08
2024-05-14,33,31,3.83
2024-09-27,33,10,3.19
2023-06-21,33,22,1.95
2022-05-30,33,18,4.41
2023-06-25,33,1,3.97
2022-12-27,33,11,3.7
2024-02-23,33,45,1.93
2023-06-10,33,17,3.81
2024-12-28,33,48,4.83
2023-12-27,33,47,4.7
2024-04-19,33,3,4.66
2023-07-26,33,26,2.43
2023-09-21,33,9,2.22
2024-02-14,33,43,3.94
2024-11-01,33,39,2.89
2024-11-26,33,23,1.45
2024-11-09,34,18,2.64
2022-03-18,34,37,1.44
2024-03-27,34,6,4.9
2024-03-15,34,25,4.69
2022-04-07,34,3,1.8
2023-03-01,34,49,2.8
2023-04-28,34,19,1.82
2023-10-27,34,40,1.54
2023-06-29,34,11,4.8
2023-04-18,34,2,4.17
2023-04-09,34,38,3.0
2023-11-13,34,44,2.65
2024-08-11,34,46,1.83
2022-12-28,34,47,4.38
2023-06-30,34,48,2.12
2024-09-09,34,4,4.39
2023-07-15,34,26,2.58
2023-08-08,34,16,2.61
2022-03-21,34,8,4.48
2024-08-24,34,14,4.44
2024-04-27,34,15,3.46
2024-12-23,34,43,3.54
2023-09-06,34,30,1.6
2023-03-18,34,9,1.02
2023-10-06,34,31,2.51
2023-06-27,34,45,2.59
2023-09-12,34,7,3.82
2022-12-02,34,5,1.33
2024-02-26,34,33,2.09
2024-07-14,34,50,3.44
2022-01-28,34,36,2.14
2023-02-07,34,24,1.88
2024-06-02,34,23,3.3
2024-11-24,34,27,1.29
2024-10-30,34,21,2.76
2023-05-26,34,42,2.42
2024-05-06,34,35,2.84
2023-04-23,34,17,4.05
2023-05-12,34,22,1.15
2022-12-08,34,12,1.52
2024-06-30,34,20,4.04
2023-11-16,34,28,4.58
2022-07-07,34,29,1.08
2022-03-18,34,32,3.53
2024-10-02,34,39,3.46
2024-09-22,34,10,3.37
2022-09-02,35,12,4.45
2024-04-23,35,36,3.64
2023-01-05,35,33,4.69
2022-12-11,35,47,4.52
2024-01-12,35,42,4.05
2024-06-12,35,49,2.55
2022-07-27,35,18,1.71
2022-07-01,35,16,2.88
2024-07-30,35,20,1.08
2024-11-02,35,46,2.41
2022-01-13,35,7,2.0
2022-06-21,35,41,3.33
2023-12-04,35,13,3.08
2022-02-23,35,40,2.88
2024-04-20,35,3,3.87
2022-04-01,35,45,1.43
2023-06-19,35,8,4.39
2022-11-01,35,9,1.97
2023-12-24,35,31,3.99
2023-07-18,35,27,3.89
2022-12-03,35,1,3.97
2022-09-05,35,38,1.98
2023-04-17,35,34,1.47
2023-03-31,36,1,3.82
2024-07-10,36,38,3.0
2023-07-24,36,27,4.63
2023-04-29,36,5,4.09
2023-07-20,36,35,4.93
2023-09-14,36,2,3.14
2024-03-08,36,36,1.85
2022-07-09,36,21,3.3
2024-08-06,36,17,1.85
2022-07-01,36,20,2.02
2023-12-21,36,47,4.44
2023-01-29,36,50,2.95
2022-12-31,36,43,1.66
2023-05-27,36,37,1.65
2022-08-06,36,28,2.96
2024-10-23,36,13,3.22
2024-11-16,36,26,4.66
2022-05-07,36,22,1.48
2023-02-23,36,14,2.11
2022-09-11,36,33,4.96
2023-02-04,36,49,3.01
2023-04-20,36,31,3.68
2023-11-13,36,15,2.16
2023-08-31,36,46,3.36
2024-09-22,36,3,2.66
2023-11-12,36,48,4.06
2023-08-07,36,34,3.09
2022-03-30,36,6,1.13
2024-06-20,36,23,4.14
2023-08-27,36,7,2.06
2024-01-26,36,19,1.32
2024-05-23,36,29,2.49
2024-01-25,36,24,1.97
2022-11-18,36,11,3.62
2024-01-08,36,32,3.66
2024-05-13,36,9,2.66
2024-09-21,36,16,4.89
2023-08-31,36,40,2.06
2023-01-28,36,30,1.77
2023-06-04,36,41,3.97
2023-06-18,36,42,4.43
2023-12-14,36,25,4.93
2022-12-04,36,45,1.91
2023-02-02,36,18,1.99
2024-05-06,36,44,1.52
2023-05-22,36,12,1.96
2022-09-01,37,47,4.6
2023-12-24,37,39,2.42
2022-04-23,37,23,2.18
2023-07-17,37,9,2.13
2024-03-08,37,22,3.79
2022-01-17,37,12,3.36
2024-05-09,37,8,4.1
2023-11-28,37,32,3.75
2024-04-08,37,26,4.34
2024-03-21,37,7,3.85
2024-12-02,37,28,3.72
2023-11-06,37,1,4.27
2024-02-28,37,2,1.97
2023-09-15,37,33,3.13
2023-08-13,37,37,4.01
2022-09-08,37,38,3.88
2022-07-20,37,14,1.16
2024-05-17,37,19,4.73
2022-07-05,37,27,4.42
2024-06-06,37,48,2.94
2024-09-10,37,18,4.8
2023-02-09,37,3,3.75
2024-01-06,37,10,4.83
2023-08-15,37,5,2.23
2023-08-21,37,36,4.24
2023-11-17,37,41,4.93
2024-12-10,37,50,3.6
2024-05-11,37,4,2.93
2024-10-31,37,49,3.67
2022-02-03,37,31,4.53
2024-01-03,37,30,3.67
2023-04-30,37,21,2.39
2023-07-11,37,25,3.54
2023-02-11,37,42,2.61
2023-12-09,37,6,4.81
2022-10-28,37,11,4.67
2022-02-11,37,34,2.77
2022-12-25,37,24,1.42
2022-03-21,37,46,4.93
2022-04-25,37,20,1.84
2023-08-14,37,13,2.23
2023-05-23,37,45,4.69
2024-01-18,37,43,1.19
2024-11-29,37,15,4.02
2024-07-20,37,29,2.47
2023-11-02,37,35,3.05
2023-08-21,37,16,3.69
2022-03-06,37,40,1.32
2022-10-11,38,13,1.38
2024-04-02,38,8,4.55
2023-08-31,38,45,2.42
2024-07-30,38,40,2.55
2022-12-05,38,20,1.52
2023-01-17,38,41,2.93
2023-10-14,38,31,2.22
2024-09-08,38,28,1.31
2024-02-09,38,25,4.64
2022-06-08,38,32,3.14
2024-08-07,38,17,1.99
2024-03-10,38,23,2.95
2024-09-23,38,27,3.73
2024-03-13,38,49,3.72
2023-01-17,38,43,2.38
2023-05-06,38,14,1.73
2024-04-28,38,37,3.05
2024-02-17,38,48,3.38
2022-02-06,38,22,3.35
2022-02-26,38,26,2.99
2022-08-28,38,11,4.14
2024-02-09,38,29,3.26
2023-10-21,39,27,3.88
2024-03-12,39,15,2.13
2023-10-21,39,33,1.41
2022-10-21,39,40,2.24
2023-12-28,39,43,3.61
2023-01-19,39,17,1.84
2024-02-17,39,5,4.73
2024-02-03,39,26,1.07
2022-12-28,39,30,4.24
2022-02-03,39,10,3.09
2023-10-31,39,14,2.56
2024-02-18,39,31,1.63
2022-05-10,39,48,3.65
2023-06-06,39,16,3.9
2023-12-18,39,41,2.46
2023-09-14,39,22,1.44
2022-02-24,39,29,4.7
2024-07-24,39,24,2.21
2024-03-21,39,47,4.75
2023-01-11,39,36,1.62
2023-03-08,39,25,2.61
2023-07-18,39,46,1.56
2024-09-03,39,35,3.9
2024-05-28,39,8,1.18
2024-09-25,39,21,1.95
2023-06-18,39,23,3.62
2023-03-04,39,32,2.9
2022-08-24,39,18,3.74
2024-11-08,39,13,4.61
2022-03-16,39,38,3.29
2022-09-18,39,6,1.76
2023-05-27,39,49,4.76
2024-12-30,39,9,4.35
2023-05-10,39,34,3.13
2024-03-25,39,28,1.66
2024-07-26,39,45,2.02
2022-09-21,39,19,4.8
2023-11-06,39,37,1.79
2022-06-06,39,42,1.6
2022-03-12,39,4,3.09
2023-11-23,39,50,1.26
2023-06-13,39,12,3.1
2022-01-18,39,44,3.68
2022-09-04,39,7,4.77
2024-11-19,39,2,2.85
2023-10-01,39,11,3.11
2024-10-17,39,39,3.14
2023-08-02,39,20,4.06
2022-03-15,39,3,1.72
2022-03-18,40,29,4.19
2022-03-03,40,20,4.38
2022-02-14,40,24,1.12
2024-09-23,40,33,3.55
2022-11-11,40,22,2.76
2023-11-05,40,43,1.48
2024-06-28,40,46,4.41
2023-03-17,40,42,2.02
2024-02-24,40,1,1.47
2024-07-18,40,14,2.65
2022-01-14,40,40,3.19
2022-05-14,40,17,3.36
2024-05-16,40,21,4.51
2024-09-10,40,48,1.65
2024-09-16,40,9,4.5
2023-02-20,40,30,1.73
2023-08-29,40,45,4.03
2023-03-20,40,36,3.15
2024-09-22,40,44,4.23
2022-12-06,40,28,3.37
2023-01-03,40,23,2.24
2024-07-18,40,6,2.97
2023-12-31,41,14,1.26
2023-04-28,41,12,2.13
2022-06-17,41,24,2.87
2022-01-13,41,37,2.88
2022-01-20,41,2,1.47
2024-07-02,41,38,1.72
2022-03-15,41,36,4.54
2023-10-28,41,47,1.15
2023-11-06,41,41,3.08
2024-07-18,41,9,1.73
2022-07-16,41,44,3.48
2022-05-12,41,19,3.58
2022-11-24,41,31,2.37
2022-08-10,41,17,2.94
2023-05-27,41,11,4.11
2024-03-03,41,13,1.03
2023-03-05,41,15,3.73
2023-05-26,41,10,3.52
2024-06-08,41,34,4.71
2023-08-01,41,22,1.72
2022-08-06,41,8,3.91
2024-07-22,41,30,1.57
2024-06-22,41,39,3.78
2023-02-10,42,12,4.55
2022-03-15,42,9,4.72
2024-03-26,42,50,4.16
2023-04-08,42,19,1.51
2023-05-16,42,15,1.0
2023-04-01,42,32,1.11
2022-01-12,42,27,2.45
2024-10-02,42,34,3.1
2023-09-09,42,48,2.01
2022-07-19,42,45,2.38
2022-11-08,42,8,2.37
2022-04-04,42,24,4.42
2022-03-10,42,37,3.82
2024-02-06,42,47,2.14
2023-02-26,42,38,1.02
2023-10-15,42,2,2.11
2024-01-15,42,44,4.2
2022-04-20,42,7,4.86
2024-02-23,42,4,2.96
2022-07-13,42,36,4.68
2024-08-31,42,42,4.58
2022-05-14,42,41,3.34
2024-09-22,42,21,2.55
2023-04-07,42,35,4.42
2022-03-02,42,39,4.67
2022-04-23,42,13,2.87
2024-10-29,42,26,4.24
2022-12-14,42,18,3.84
2022-10-14,42,49,1.66
2023-11-26,42,3,2.48
2022-02-03,42,16,2.3
2023-04-10,42,10,3.02
2023-06-27,42,28,4.24
2022-03-02,42,25,3.0
2023-02-13,42,30,2.55
2022-07-05,42,33,4.06
2023-03-15,43,6,3.14
2023-05-02,43,7,3.94
2023-06-14,43,11,3.82
2024-03-17,43,16,4.96
2024-03-10,43,50,3.79
2024-11-08,44,14,4.66
2022-02-11,44,17,1.38
2023-09-14,44,40,2.27
2023-06-07,44,6,2.83
2024-11-02,44,43,4.29
2023-04-02,44,19,1.04
2022-03-10,44,13,1.75
2023-01-14,44,15,2.7
2022-07-03,44,20,4.91
2024-12-20,45,28,1.84
2024-05-22,45,47,3.11
2023-05-22,45,40,4.87
2023-11-09,45,15,2.37
2023-09-02,45,19,3.71
2024-02-06,45,49,3.48
2022-02-15,45,44,4.01
2024-03-25,45,48,3.92
2024-03-25,45,18,3.31
2022-10-03,45,20,3.43
2023-06-08,45,37,4.03
2023-03-11,45,7,2.88
2024-06-20,45,6,3.58
2023-12-23,45,31,4.85
2023-10-16,45,34,4.66
2024-12-09,45,33,4.65
2024-09-09,45,9,4.52
2023-10-22,45,8,3.92
2024-09-27,45,35,4.91
2022-11-17,45,30,2.15
2023-10-29,45,5,1.29
2023-08-13,45,24,2.45
2024-03-28,45,39,2.29
2024-12-13,45,23,2.58
2023-07-27,45,21,2.85
2024-02-05,45,17,2.63
2023-03-10,45,3,3.24
2022-04-30,45,45,2.27
2023-07-16,45,16,2.91
2023-05-01,45,22,1.79
2022-12-07,45,46,4.27
2024-10-31,45,50,3.51
2022-04-17,45,4,4.77
2023-06-13,45,38,3.58
2022-07-22,45,27,2.59
2024-09-05,45,14,1.46
2023-11-20,45,10,4.61
2024-06-25,45,41,4.64
2022-05-28,45,1,1.08
2023-08-03,45,42,1.38
2024-03-14,45,36,2.77
2023-05-13,45,29,3.19
2024-09-26,45,32,4.9
2022-05-05,46,41,2.27
2024-02-04,46,24,3.06
2022-09-12,46,13,4.75
2024-04-03,46,15,3.41
2024-11-09,46,27,1.0
2024-01-26,46,26,4.96
2024-12-08,46,1,2.35
2022-05-21,46,20,2.76
2023-07-07,46,35,1.79
2023-03-03,46,21,3.36
2024-01-31,46,32,1.7
2024-01-23,46,2,3.15
2023-03-30,46,11,1.83
2023-03-22,46,30,1.02
2023-12-07,46,46,4.52
2022-06-22,46,5,3.49
2022-10-10,46,34,3.42
2022-01-09,46,45,1.81
2022-12-22,46,31,1.59
2024-02-07,46,22,3.91
2023-06-29,46,23,2.14
2024-11-16,46,3,4.41
2024-12-10,46,10,1.11
2022-12-05,46,36,1.94
2024-04-08,46,50,1.73
2024-07-03,46,28,3.42
2024-08-28,46,37,4.3
2023-02-16,46,8,4.88
2022-04-22,46,7,2.73
2022-07-10,46,39,2.17
2022-12-24,46,42,3.16
2022-06-08,46,48,1.91
2023-06-26,46,33,1.86
2024-07-21,46,49,2.88
2022-10-16,46,17,3.28
2023-01-28,46,29,3.69
2023-01-24,46,47,4.02
2024-08-29,46,16,3.18
2024-07-12,46,12,4.21
2023-11-05,46,44,4.76
2024-03-19,46,19,2.94
2023-07-13,46,14,1.9
2022-08-17,46,18,3.75
2024-10-07,46,38,2.27
2024-02-01,46,43,4.24
2022-01-15,46,6,2.67
2023-10-27,46,40,1.15
2022-11-17,47,49,4.61
2022-03-27,47,45,4.41
2022-03-01,47,39,4.3
2023-05-04,47,30,3.94
2023-12-06,47,9,2.12
2024-07-29,47,46,1.18
2022-12-11,47,28,4.67
2023-11-12,47,2,2.6
2022-12-15,47,37,1.26
2022-02-12,47,41,3.47
2022-09-24,47,18,1.67
2024-08-24,47,17,1.73
2022-11-16,47,21,1.59
2024-11-04,47,50,1.93
2023-07-14,47,29,1.78
2023-11-17,47,40,3.07
2022-08-16,47,12,3.92
2022-07-13,47,11,2.8
2022-08-27,47,7,1.8
2022-05-14,47,47,3.73
2022-12-22,47,26,3.57
2022-10-10,47,38,1.0
2022-01-02,47,13,1.54
2023-10-21,47,48,2.43
2022-03-09,48,35,1.61
2023-05-22,48,34,2.95
2023-09-05,48,11,2.06
2022-03-06,48,19,4.92
2023-06-28,48,29,3.14
2022-04-04,49,32,1.09
2024-07-09,49,49,4.82
2023-01-26,49,48,1.7
2024-04-24,49,18,4.7
2022-03-19,49,22,2.62
2023-12-22,49,38,3.33
2022-04-20,49,36,4.45
2024-02-29,49,17,4.57
2022-07-21,49,20,1.89
2022-05-15,49,25,2.59
2022-05-07,49,16,1.81
2023-05-27,49,37,4.8
2022-06-27,50,49,4.94
2023-10-06,50,10,1.57
2024-09-24,50,15,3.96
2022-12-13,50,14,2.62
2024-04-12,50,32,2.26
2024-09-14,50,20,2.06
2023-01-30,50,12,4.36
2022-03-10,50,8,1.6
2024-01-25,50,47,3.67
2023-11-06,50,17,2.49
2022-05-12,50,25,4.64
2023-06-16,50,35,2.25
2024-04-17,50,31,3.74
2022-10-31,50,44,3.57
2022-01-31,50,28,2.49
2022-08-29,50,46,2.24
2023-01-11,50,36,1.13
2022-08-15,50,37,4.61
2023-05-30,50,45,3.45
2023-07-15,50,19,1.02
2022-05-02,50,7,2.25
2022-06-10,50,23,1.18
2022-06-02,50,2,2.46
2022-10-04,51,4,1.7
2023-01-14,51,43,3.21
2023-02-13,51,13,3.82
2024-04-18,51,6,4.5
2023-04-09,51,47,1.74
2024-03-20,51,15,1.86
2024-08-30,51,32,1.32
2024-01-21,51,1,4.46
2022-12-17,51,3,2.29
2022-03-30,51,11,4.35
2023-06-04,51,41,3.41
2024-02-14,51,10,2.23
2022-11-01,51,49,1.68
2022-05-01,51,36,4.39
2022-11-04,51,16,3.72
2024-01-23,51,27,4.85
2022-07-16,51,30,2.26
2022-03-28,51,37,1.1
2023-12-31,51,48,3.09
2024-04-20,51,38,3.05
2023-11-13,51,46,2.6
2023-08-25,51,28,3.96
2023-07-07,51,20,3.3
2023-05-12,51,17,3.87
2024-06-26,51,26,2.77
2022-11-30,51,42,1.37
2024-01-25,51,19,2.12
2023-09-10,52,48,2.68
2023-04-25,52,47,4.31
2023-05-10,52,42,4.62
2024-01-11,52,44,3.78
2024-06-05,52,28,1.5
2024-12-03,52,39,1.87
2024-01-07,52,15,1.2
2022-03-23,52,45,2.62
2022-05-27,52,49,1.83
2023-10-22,52,22,1.91
2022-11-11,52,7,4.95
2022-09-05,52,2,2.35
2022-06-26,52,13,1.72
2023-02-27,52,24,2.07
2024-07-15,52,5,3.32
2024-07-13,52,41,2.85
2024-02-16,52,10,1.26
2022-12-28,52,25,2.99
2024-09-05,52,14,3.75
2024-10-24,52,33,1.83
2024-03-03,52,3,3.35
2024-01-16,52,23,1.6
2024-11-17,52,12,2.86
2024-01-31,52,37,3.52
2024-09-20,52,40,1.48
2024-08-12,52,36,2.18
2023-05-14,53,17,1.15
2022-06-18,53,23,2.72
2022-01-06,53,50,3.8
2024-12-11,53,30,1.75
2022-02-18,53,5,2.68
2024-11-27,53,42,4.9
2023-03-31,53,13,3.38
2024-12-05,53,10,2.98
2022-06-26,53,2,3.09
2022-08-05,53,16,1.78
2024-03-07,53,38,4.66
2023-11-05,53,37,1.16
2022-02-27,53,24,4.04
2022-06-30,53,48,1.87
2023-10-22,53,31,3.3
2024-04-01,54,48,1.84
2024-02-15,54,25,3.97
2022-06-19,54,16,4.81
2022-08-21,54,26,3.91
2024-06-19,54,9,1.57
2023-01-13,54,15,4.39
2024-01-26,54,45,2.74
2024-06-27,54,37,4.97
2024-11-27,54,46,4.34
2022-07-13,54,35,2.16
2023-03-24,54,7,2.65
2023-03-30,54,19,3.99
2024-05-20,54,2,3.19
2022-11-15,54,28,1.79
2023-04-09,54,13,1.82
2023-08-05,54,10,4.62
2023-06-20,54,29,2.56
2023-06-28,54,14,4.97
2022-09-22,54,32,4.51
2023-08-29,54,42,2.92
2022-05-31,54,4,3.28
2022-09-10,55,40,3.46
2024-07-21,55,44,4.77
2022-10-15,55,18,3.95
2022-11-14,55,26,4.55
2024-07-27,55,43,4.46
2023-01-09,55,29,3.51
2023-09-25,55,47,2.71
2022-12-25,55,19,1.55
2022-06-08,55,27,3.53
2022-07-12,55,10,4.11
2024-07-12,55,25,3.59
2023-07-04,55,30,2.42
2023-12-07,55,28,1.85
2024-11-07,55,5,2.56
2022-11-22,55,2,4.41
2023-11-14,55,39,2.76
2022-10-10,55,34,3.03
2022-04-02,55,20,4.69
2022-11-21,55,35,1.22
2022-06-22,55,50,3.01
2022-07-15,55,12,4.52
2023-01-30,55,31,3.22
2022-02-25,56,12,4.83
2023-07-27,56,32,4.41
2023-09-04,56,43,4.43
2024-10-15,56,7,1.13
2022-09-05,56,11,1.65
2022-12-14,56,4,4.82
2023-12-29,56,13,2.55
2024-06-23,56,34,1.13
2022-08-02,56,40,2.07
2022-01-15,56,38,1.98
2023-09-06,56,22,3.56
2022-02-10,56,10,3.93
2023-06-12,56,46,3.35
2023-05-28,56,49,3.9
2024-07-26,56,28,1.77
2023-09-26,56,23,2.46
2022-02-27,56,14,3.18
2023-10-07,56,24,1.0
2022-11-02,56,17,2.05
2024-12-24,56,9,4.28
2023-06-27,56,33,4.59
2022-10-09,56,41,2.87
2023-12-27,56,1,2.14
2023-07-16,56,18,1.0
2022-03-17,56,15,3.86
2023-11-08,56,16,3.58
2024-07-13,56,30,3.12
2024-11-08,56,27,1.98
2024-09-12,56,48,4.64
2023-03-28,56,37,2.04
2023-06-02,56,21,1.49
2022-02-18,56,39,4.51
2023-12-11,56,45,1.91
2022-11-19,56,44,4.72
2023-08-25,56,29,2.8
2022-12-20,56,20,1.27
2023-10-25,56,31,2.88
2022-04-29,56,26,2.99
2024-07-06,56,3,1.01
2023-08-05,56,5,3.38
2022-02-08,56,42,1.73
2022-01-02,56,36,1.73
2023-11-07,57,1,3.95
2023-08-11,57,2,3.29
2022-06-05,57,32,3.75
2022-01-25,57,44,4.34
2022-02-12,57,16,3.98
2023-04-11,57,7,4.45
2022-04-26,57,5,3.97
2022-03-04,57,14,3.26
2023-05-02,57,46,2.39
2024-05-21,57,49,3.27
2023-03-20,57,33,4.1
2023-02-05,57,37,1.45
2023-11-08,57,19,1.93
2022-11-29,57,29,3.32
2024-09-03,57,25,3.89
2024-11-01,57,15,3.26
2024-06-10,57,50,3.9
2024-08-17,57,26,4.02
2022-02-07,57,36,4.59
2022-02-09,57,18,2.35
2023-07-30,58,3,4.43
2024-06-06,58,10,4.52
2024-09-23,58,49,1.09
2023-11-12,58,24,2.59
2024-09-26,58,50,2.66
2024-07-17,58,1,4.64
2023-05-05,58,35,1.49
2022-10-13,58,45,4.61
2022-05-08,58,22,3.59
2024-02-26,58,27,4.77
2023-12-12,58,30,1.43
2022-03-23,58,34,1.38
2022-10-10,58,12,4.8
2022-06-22,58,2,1.87
2024-10-28,58,42,2.93
2022-12-12,58,46,3.63
2023-09-30,58,7,2.66
2023-12-31,58,48,4.68
2023-12-26,58,21,3.03
2024-09-03,58,14,2.68
2022-04-05,58,36,1.53
2024-06-13,58,26,3.85
2024-05-03,58,17,2.75
2024-10-18,59,31,3.93
2022-01-23,59,8,2.47
2024-07-08,59,2,2.99
2024-05-27,59,17,2.64
2023-07-24,59,20,2.24
2023-10-05,59,19,3.11
2024-10-07,59,16,1.53
2024-08-02,59,21,3.91
2024-02-13,59,33,1.03
2024-01-13,59,5,2.97
2022-01-17,59,40,2.41
2023-02-03,59,18,3.16
2023-06-30,59,27,2.13
2022-10-23,59,34,4.67
2023-12-01,59,45,1.52
2024-07-05,59,46,4.67
2024-02-25,59,22,4.72
2022-08-16,59,38,4.69
2023-12-01,59,15,1.91
2024-02-07,59,12,3.54
2023-11-20,59,4,1.12
2024-02-03,59,48,4.98
2024-09-03,60,17,1.0
2024-08-26,60,20,1.44
2022-09-06,60,26,1.34
2024-08-21,60,18,4.04
2022-07-15,60,6,4.02
2022-08-11,60,5,2.33
2024-07-26,60,12,3.12
2024-03-18,60,21,3.13
2024-08-19,60,45,4.83
2024-11-27,60,49,1.7
2023-03-20,60,10,2.67
2022-06-06,60,36,2.31
2024-06-23,60,11,3.05
2024-06-25,60,40,2.21
2023-04-19,60,22,3.76
2023-05-27,61,4,1.79
2022-03-02,61,15,1.23
2023-01-10,61,13,2.6
2022-05-21,61,42,4.73
2023-05-27,61,38,2.5
2022-12-07,61,11,1.75
2024-10-10,61,44,2.09
2022-09-22,61,22,3.06
2022-08-06,61,10,3.49
2024-04-10,61,37,2.46
2024-05-17,61,17,3.83
2024-12-27,61,49,1.78
2023-10-11,61,7,3.4
2023-04-29,61,27,3.1
2022-12-01,61,45,1.23
2022-06-13,61,33,2.41
2023-02-16,61,9,2.25
2024-06-18,61,41,4.86
2023-09-08,61,29,3.12
2022-11-30,61,14,1.51
2024-11-23,62,14,3.42
2023-07-16,62,31,5.0
2024-08-14,62,18,3.75
2022-11-13,62,43,4.95
2024-04-06,62,49,3.12
2022-02-13,62,3,2.17
2024-04-04,62,1,2.44
2023-07-20,62,17,1.07
2024-03-15,62,6,4.94
2024-07-17,62,48,4.37
2023-02-22,62,37,2.9
2023-04-15,62,12,1.43
2024-10-30,62,5,1.39
2023-12-08,62,8,2.82
2024-09-18,62,25,3.86
2023-08-20,62,20,2.07
2023-05-14,62,33,2.61
2022-09-22,62,36,3.94
2023-01-28,62,24,4.98
2024-03-28,62,30,3.3
2024-02-08,63,9,2.73
2022-03-18,63,10,3.68
2022-11-13,63,8,1.97
2022-11-17,63,30,4.93
2023-10-11,63,20,2.61
2023-10-31,63,4,2.82
2022-02-17,63,14,4.07
2022-07-18,63,42,1.42
2022-08-28,63,28,3.34
2024-11-13,63,5,3.01
2023-12-01,63,22,4.17
2022-09-06,63,15,3.97
2023-02-24,63,37,3.84
2024-08-11,63,26,4.93
2022-03-13,63,39,2.53
2024-08-03,63,43,3.0
2022-02-27,63,18,1.56
2023-04-29,63,19,2.99
2024-11-15,63,21,4.25
2022-07-21,63,29,2.07
2024-03-13,63,12,1.7
2024-03-07,63,1,2.08
2022-05-28,63,17,2.19
2024-03-30,63,24,4.53
2023-08-11,63,40,1.21
2023-08-27,63,32,3.48
2024-03-28,63,38,3.35
2022-10-26,63,7,3.73
2023-02-05,63,46,4.75
2022-08-13,63,16,4.57
2022-09-10,64,37,4.66
2023-02-22,64,6,1.66
2024-04-10,64,5,3.3
2023-09-19,64,47,4.84
2024-12-15,64,35,4.71
2024-10-05,64,19,4.73
2023-06-23,64,28,2.77
2022-01-17,64,42,3.2
2022-11-05,64,10,3.91
2022-10-14,64,39,3.08
2024-11-06,64,15,3.9
2023-07-20,64,1,4.25
2022-06-15,65,50,3.86
2023-12-21,65,41,1.75
2022-02-21,65,2,3.56
2022-02-22,65,22,4.09
2024-11-07,65,48,1.34
2024-02-13,65,17,2.82
2022-12-18,65,23,1.23
2022-10-23,65,28,3.7
2023-05-26,65,37,4.43
2023-06-10,65,47,1.96
2023-04-26,65,36,4.53
2023-06-15,65,46,2.91
2022-11-14,65,6,3.21
2023-05-25,65,33,4.47
2023-08-18,65,45,2.33
2024-05-29,65,10,2.32
2022-10-01,65,26,1.3
2023-05-02,65,1,1.45
2023-05-12,66,31,1.06
2024-04-20,66,1,3.57
2022-05-07,66,43,3.11
2023-06-22,66,22,1.81
2024-04-10,66,24,1.07
2024-02-05,66,45,2.18
2023-05-19,66,35,1.09
2023-01-15,66,42,1.56
2022-09-03,67,30,3.92
2022-05-16,67,27,2.57
2022-06-18,67,15,4.91
2024-05-31,67,11,3.28
2022-08-26,67,36,1.37
2024-06-23,67,5,3.42
2024-12-12,67,19,3.14
2022-12-03,67,18,1.6
2024-12-24,67,4,2.73
2022-01-12,67,21,3.06
2023-06-28,67,13,3.2
2023-10-24,67,29,3.03
2022-02-14,67,26,4.03
2024-09-02,67,16,3.75
2023-03-28,67,24,2.52
2023-04-06,67,38,1.22
2024-04-19,67,31,4.6
2022-10-12,67,44,4.94
2022-07-28,67,17,3.89
2024-08-08,67,49,2.88
2022-07-13,67,47,4.42
2024-04-05,67,39,3.22
2024-04-27,67,14,1.85
2024-10-04,67,8,3.96
2024-04-24,67,32,2.77
2022-11-04,67,2,2.08
2024-12-04,67,46,3.17
2024-03-08,67,1,4.14
2022-08-20,67,9,2.16
2023-11-02,67,33,4.8
2022-06-26,68,47,4.29
2024-02-18,68,15,4.09
2024-03-30,68,3,4.55
2022-01-21,68,38,2.4
2022-12-18,68,27,1.66
2022-12-26,68,39,2.1
2024-12-28,68,4,4.9
2023-01-04,68,33,1.22
2024-11-20,68,18,2.77
2024-01-23,68,13,2.83
2022-05-05,68,22,2.9
2022-08-17,68,11,4.37
2023-04-19,68,12,1.78
2024-10-01,68,8,4.49
2023-09-29,68,14,1.64
2023-10-15,68,21,3.6
2023-01-19,68,24,4.97
2022-12-22,68,45,3.1
2022-12-26,68,49,2.7
2024-08-05,68,10,4.73
2023-04-30,68,26,2.17
2022-12-24,68,28,4.87
2024-11-18,69,36,3.69
2023-08-16,69,29,3.29
2022-07-25,70,50,3.46
2024-05-18,70,48,2.31
2024-10-14,70,16,4.33
2022-02-25,70,31,2.51
2022-06-18,70,40,1.31
2024-05-25,70,41,2.09
2023-12-23,70,4,2.42
2022-07-07,70,44,4.06
2022-07-21,70,5,1.2
2023-07-05,70,3,2.27
2022-12-22,70,21,3.53
2022-11-16,70,18,4.42
2023-03-16,70,14,1.84
2022-10-11,70,19,1.04
2022-08-08,70,27,1.01
2023-06-29,70,12,2.47
2022-11-06,70,17,1.58
2023-04-18,70,43,4.64
2024-06-18,70,28,2.05
2022-09-29,70,34,1.49
2023-08-18,70,9,1.98
2022-10-28,70,35,3.93
2024-04-29,70,7,3.4
2024-12-28,70,24,3.3
2022-02-01,70,25,4.72
2024-06-06,70,22,1.15
2022-08-21,70,11,1.67
2023-12-26,70,1,4.6
2023-12-23,70,45,2.1
2022-03-24,70,38,4.72
2024-05-30,70,10,1.46
2023-01-16,70,32,2.69
2022-05-07,70,8,4.9
2022-12-15,70,47,4.27
2024-09-02,70,20,1.04
2022-10-30,70,30,1.93
2022-07-08,70,42,1.25
2023-08-18,70,26,1.8
2022-07-25,70,37,3.47
2022-03-09,70,2,3.48
2022-04-26,70,49,1.7
2023-12-27,70,15,4.96
2024-08-26,71,45,1.11
2022-10-01,71,19,1.65
2023-04-26,71,23,4.1
2022-10-28,71,25,3.62
2023-06-30,72,35,4.2
2024-05-13,72,29,1.98
2023-05-04,72,28,1.0
2024-08-11,72,25,2.59
2022-01-14,72,43,3.52
2024-03-22,72,4,4.03
2023-12-13,72,8,3.26
2023-05-02,72,6,1.32
2024-09-23,72,18,1.62
2023-07-25,72,37,2.69
2024-07-05,72,13,1.81
2023-05-13,72,23,1.61
2023-12-01,72,44,4.16
2022-01-15,72,36,3.56
2024-01-08,72,50,2.53
2024-05-08,72,45,2.2
2024-05-24,72,17,2.06
2024-08-21,72,24,5.0
2022-11-30,72,11,3.23
2022-06-17,72,41,3.08
2024-05-02,72,33,3.8
2023-05-03,73,37,3.78
2024-06-19,73,7,3.53
2023-03-31,73,6,2.2
2024-09-06,73,5,4.62
2023-03-20,73,30,2.04
2022-09-13,73,23,3.51
2022-02-25,73,31,2.81
2022-03-30,73,39,4.12
2023-10-07,73,8,1.6
2023-04-08,73,43,2.12
2024-07-24,73,21,1.81
2022-08-09,73,48,4.62
2023-02-16,73,34,3.43
2024-10-09,73,28,3.58
2023-10-25,73,15,3.56
2024-10-14,73,12,4.78
2023-07-20,73,1,2.65
2023-08-06,73,26,3.85
2024-09-30,73,35,3.74
2024-12-14,73,20,2.56
2024-12-24,73,2,4.03
2022-06-15,73,14,2.84
2024-08-16,73,41,4.69
2022-06-10,73,18,4.29
2023-12-10,73,22,3.8
2024-01-02,73,9,3.26
2022-12-10,73,3,4.92
2022-07-03,73,49,4.65
2022-04-08,73,4,3.14
2022-02-12,73,24,3.2
2023-08-06,73,38,4.27
2024-01-01,73,29,2.22
2023-04-22,73,47,2.1
2024-03-03,73,13,1.2
2022-10-14,73,16,2.17
2024-02-19,73,10,2.31
2024-06-30,73,11,4.14
2022-03-17,73,40,4.67
2023-03-03,73,42,2.26
2024-02-09,73,25,4.77
2024-01-24,73,19,1.32
2023-05-04,74,38,1.07
2023-09-13,74,21,1.69
2023-10-12,74,11,3.05
2023-06-05,74,25,4.82
2022-10-05,74,33,1.75
2022-06-27,74,23,1.97
2022-03-03,74,40,4.24
2022-11-22,74,6,3.67
2024-05-29,74,1,1.66
2022-01-04,74,7,1.71
2022-03-21,74,12,4.33
2022-10-14,74,35,1.38
2023-12-08,74,4,4.33
2023-03-03,74,49,3.27
2022-11-07,74,24,2.48
2023-11-23,74,28,4.46
2022-02-02,74,20,4.87
2023-07-15,74,48,1.92
2023-07-01,74,42,4.58
2022-09-24,74,47,2.96
2023-09-08,74,16,4.52
2023-11-24,75,18,2.86
2024-01-04,75,33,2.25
2023-04-04,75,5,4.45
2023-02-24,75,28,3.26
2023-02-02,75,45,1.46
2022-09-02,76,1,2.61
2023-11-17,76,19,3.38
2023-05-07,76,4,3.02
2022-06-18,76,39,1.67
2024-03-28,76,40,4.44
2022-03-08,76,2,5.0
2023-06-03,76,32,3.89
2023-08-09,76,23,4.76
2022-10-02,76,12,3.79
2024-08-03,76,7,4.01
2024-09-02,76,26,3.63
2024-11-10,76,8,3.83
2024-06-30,76,46,3.42
2022-07-17,76,6,2.56
2023-04-28,76,14,4.64
2024-04-03,76,37,3.28
2022-12-30,76,41,2.4
2022-04-14,76,44,2.23
2023-11-10,76,20,1.31
2022-08-23,76,29,2.04
2023-04-26,76,48,2.92
2022-11-19,76,36,3.3
2022-01-18,76,35,4.28
2024-05-20,76,28,3.78
2023-02-25,76,21,1.7
2022-11-25,76,34,2.97
2024-04-10,76,24,1.74
2024-11-20,76,9,2.6
2024-01-02,77,18,4.63
2022-12-03,77,10,1.86
2022-11-28,77,6,2.21
2022-11-23,77,39,3.01
2024-02-01,77,14,3.44
2024-12-10,77,1,2.22
2022-11-16,77,49,3.04
2024-09-09,77,45,1.14
2022-04-04,77,32,2.47
2022-10-27,77,30,2.13
2023-12-08,77,40,1.44
2022-07-21,77,26,3.72
2022-02-08,77,47,3.57
2023-06-09,77,34,3.83
2022-03-10,77,29,1.15
2023-08-05,77,3,1.7
2024-06-28,77,42,1.17
2023-04-10,77,44,3.53
2024-08-17,77,7,3.18
2022-09-13,77,16,3.3
2024-09-21,77,23,1.97
2022-05-03,77,12,3.36
2022-01-14,77,19,1.15
2022-10-22,77,48,4.81
2023-10-11,77,38,2.16
2024-07-25,77,33,3.84
2023-04-12,77,2,4.82
2022-07-17,77,9,1.31
2023-03-30,77,31,2.9
2024-09-16,77,5,1.72
2022-05-21,77,15,1.88
2024-11-21,77,27,4.89
2023-03-28,78,37,4.18
2024-09-29,78,32,4.22
2023-04-16,78,41,2.59
2022-08-17,78,30,1.58
2023-04-07,78,29,1.45
2023-11-24,78,21,1.29
2022-03-08,78,33,2.59
2022-01-14,78,3,4.54
2024-09-29,78,2,1.38
2022-11-08,78,46,1.27
2022-11-18,78,28,4.83
2022-11-12,78,25,1.66
2023-04-18,78,48,3.1
2024-04-02,78,45,3.05
2023-05-08,78,10,4.21
2023-03-11,78,50,3.75
2022-10-17,78,18,1.3
2024-10-26,78,35,2.84
2023-04-15,78,11,2.52
2024-07-11,78,40,1.2
2024-03-16,78,34,4.35
2023-04-12,78,47,2.13
2024-04-04,78,7,2.75
2022-01-03,78,17,3.25
2023-07-07,78,24,3.08
2022-04-15,78,14,2.0
2022-12-06,78,12,1.74
2023-10-14,78,20,3.86
2024-10-03,78,16,4.74
2022-08-11,78,26,2.69
2024-02-23,78,1,3.51
2022-06-03,78,6,3.83
2023-11-19,78,5,2.96
2023-01-07,78,49,4.07
2022-11-23,78,13,4.16
2022-07-17,78,31,2.68
2024-02-23,78,23,1.01
2023-07-12,78,9,4.84
2022-01-12,78,27,1.93
2022-09-25,78,8,1.78
2023-02-04,78,43,2.28
2024-11-19,78,38,2.86
2022-12-06,78,39,3.6
2024-03-20,79,5,1.76
2022-04-11,79,47,2.35
2022-03-28,79,11,4.08
2022-11-11,79,13,2.75
2023-06-28,79,48,2.74
2023-08-01,79,43,1.58
2023-12-27,79,34,4.29
2023-06-18,79,33,4.96
2023-03-29,79,2,3.64
2023-09-06,79,28,1.86
2023-06-28,79,6,4.69
2022-08-08,79,9,2.45
2024-03-13,79,16,2.6
2022-10-28,79,44,2.24
2024-01-10,79,36,1.24
2024-03-17,79,46,1.58
2024-05-16,79,35,3.04
2023-08-01,79,39,3.1
2023-09-12,79,12,3.04
2023-02-06,79,17,4.86
2023-06-26,80,46,4.35
2023-09-11,80,49,4.65
2024-03-08,80,32,4.88
2024-10-28,80,38,4.87
2023-03-05,80,42,4.88
2022-04-10,80,23,4.51
2022-04-30,80,24,2.87
2024-04-21,80,12,1.17
2022-12-24,80,26,2.11
2023-01-09,80,41,1.26
2023-06-29,80,43,1.63
2022-07-22,80,45,3.04
2024-03-12,80,2,3.61
2023-11-13,80,34,3.48
2024-03-11,80,6,2.77
2024-07-07,80,22,1.26
2024-10-14,80,3,2.48
2023-04-22,80,30,3.92
2024-07-24,80,39,4.08
2024-07-23,81,24,4.4
2024-03-23,81,50,2.97
2022-03-04,81,46,3.9
2024-09-04,81,45,1.37
2022-09-11,81,42,4.7
2022-09-26,81,6,1.83
2022-09-23,81,12,2.1
2022-10-15,81,19,1.88
2022-12-17,81,14,4.34
2024-10-09,81,27,2.53
2022-12-01,81,37,3.85
2024-11-01,81,3,2.18
2024-09-04,81,4,4.05
2023-10-22,81,9,1.15
2024-10-24,81,17,2.51
2023-10-10,81,2,3.9
2022-10-15,81,5,1.45
2023-03-08,81,25,4.37
2024-11-24,81,47,2.59
2022-09-03,81,38,3.65
2022-03-20,81,7,2.18
2023-01-18,81,18,4.67
2022-07-30,81,8,2.29
2022-01-23,81,34,3.37
2022-05-19,81,26,4.56
2023-06-04,81,23,1.72
2022-03-05,81,10,3.88
2023-08-09,81,22,4.65
2024-02-07,81,29,2.44
2023-09-18,81,11,3.18
2022-11-29,81,28,3.96
2022-10-05,81,21,3.63
2023-04-08,81,39,2.17
2024-12-08,81,44,3.58
2022-07-11,81,33,3.88
2024-08-03,81,41,3.05
2022-01-29,81,15,3.97
2024-10-18,81,36,3.38
2023-06-22,81,31,4.84
2022-02-07,81,35,1.5
2023-07-04,82,22,3.75
2023-12-23,82,7,2.57
2024-12-16,82,31,4.3
2023-09-13,82,43,4.75
2024-06-01,82,10,2.67
2024-05-09,82,26,4.24
2023-05-27,82,46,1.74
2024-10-17,82,42,4.65
2023-12-23,82,27,1.72
2024-03-22,82,8,3.64
2022-02-20,82,21,2.3
2022-01-27,82,2,3.21
2024-07-23,82,38,1.56
2023-05-02,82,5,4.53
2023-07-19,82,3,2.36
2022-01-07,82,14,3.37
2024-12-20,82,13,2.56
2023-02-07,82,39,2.84
2022-03-03,82,19,4.78
2022-05-09,82,9,3.09
2022-08-14,82,32,1.55
2024-02-16,82,36,1.25
2024-12-14,82,47,4.16
2022-07-06,82,34,4.32
2023-10-19,82,33,4.82
2023-07-21,82,45,1.79
2022-05-16,82,49,1.48
2023-09-03,82,25,2.16
2023-09-05,82,12,3.71
2024-01-10,82,4,4.39
2023-03-18,83,16,3.87
2024-05-25,83,28,1.26
2024-04-06,83,37,1.07
2024-04-30,83,20,2.56
2023-11-28,83,44,2.51
2022-07-26,83,27,4.16
2022-09-08,83,8,1.89
2024-08-31,83,13,2.5
2022-08-25,83,50,2.35
2023-02-23,84,47,3.86
2022-06-24,84,41,4.81
2023-03-08,84,20,3.79
2022-12-14,84,32,3.82
2022-07-23,84,36,3.8
2024-09-20,84,22,3.2
2022-03-17,84,26,2.73
2022-02-26,84,9,2.29
2022-02-10,84,12,2.27
2023-10-09,84,6,3.97
2022-05-27,84,31,3.2
2022-06-22,84,39,2.31
2022-05-24,84,49,3.36
2022-12-20,84,5,1.46
2022-07-05,84,18,1.38
2022-07-11,84,35,4.92
2024-11-16,84,11,3.28
2022-10-07,84,13,3.89
2022-10-26,84,24,2.36
2022-08-20,84,48,4.96
2022-08-02,84,8,4.91
2022-02-04,84,25,1.93
2024-03-25,84,10,3.75
2022-09-09,84,43,4.53
2022-11-06,84,23,3.73
2023-12-29,84,30,4.89
2022-02-03,84,17,1.44
2024-02-22,84,14,3.15
2024-04-13,84,7,1.9
2024-11-26,84,46,2.76
2022-09-23,84,45,3.43
2022-02-15,84,27,4.64
2022-01-14,84,15,3.02
2023-10-13,84,42,1.94
2023-02-16,84,28,2.45
2023-08-21,84,50,4.27
2023-10-14,84,33,1.03
2022-01-31,84,2,1.85
2023-05-12,84,4,4.05
2023-08-17,84,16,2.67
2024-03-05,84,38,2.81
2024-06-16,84,40,4.03
2022-12-13,84,44,1.93
2024-01-01,84,34,1.89
2024-06-02,84,37,4.48
2024-09-28,84,21,3.39
2024-12-11,84,3,3.97
2022-01-16,84,1,1.13
2024-01-14,85,39,3.43
2023-01-11,85,47,4.1
2023-05-09,85,9,4.92
2023-10-28,85,16,4.11
2024-10-03,85,13,2.26
2022-11-02,85,36,2.76
2024-09-05,85,3,1.68
2022-02-28,85,14,1.83
2024-03-08,85,35,2.46
2022-01-31,85,19,4.11
2022-11-26,85,41,2.87
2023-09-20,85,17,4.25
2024-08-02,85,33,1.84
2022-10-12,85,12,4.16
2022-08-14,85,26,4.08
2023-08-07,85,44,3.0
2024-09-20,85,30,4.98
2023-12-06,85,37,2.79
2023-04-01,85,1,1.01
2022-06-19,85,24,3.89
2024-06-08,85,4,2.28
2022-07-06,85,32,2.74
2023-04-01,85,20,2.47
2024-02-24,85,28,4.14
2024-08-05,85,46,1.0
2022-08-21,85,45,1.46
2022-07-06,85,48,2.81
2024-01-15,85,18,1.27
2023-10-18,85,11,1.76
2022-06-28,85,15,4.71
2022-08-20,85,21,4.68
2024-07-11,85,40,2.14
2022-12-25,85,23,4.46
2022-08-18,85,42,1.36
2024-07-17,85,8,3.98
2022-01-20,85,50,4.36
2023-06-15,85,27,1.0
2022-08-30,85,29,2.88
2023-11-11,85,22,4.39
2022-09-14,85,2,1.2
2024-09-14,86,15,2.42
2024-07-12,86,2,1.5
2024-10-26,86,20,2.52
2023-09-21,86,40,4.67
2024-08-31,86,47,3.31
2022-03-05,86,46,2.12
2023-12-27,86,11,1.87
2022-05-27,86,38,4.21
2023-02-15,86,25,2.14
2023-05-29,86,48,2.32
2024-11-18,86,18,4.89
2022-10-24,86,33,2.43
2024-12-19,86,17,3.46
2022-07-29,86,44,1.16
2024-08-04,86,28,3.5
2024-09-14,86,34,1.7
2024-06-09,86,21,3.39
2023-09-18,86,14,4.6
2023-01-04,86,39,3.47
2024-09-30,86,50,1.36
2022-12-24,86,19,1.62
2024-07-13,86,16,3.37
2024-09-14,86,24,4.33
2024-09-01,86,26,4.42
2024-12-08,86,41,3.82
2023-09-10,86,32,4.13
2024-10-14,86,4,3.02
2022-01-12,86,23,2.5
2022-07-20,86,6,2.29
2024-01-23,86,37,4.54
2023-10-12,86,27,2.93
2023-03-14,86,49,3.45
2024-04-07,86,31,3.6
2023-07-09,86,29,2.62
2022-03-02,86,35,2.42
2024-05-19,86,10,1.61
2022-03-24,86,45,4.92
2022-11-03,86,12,2.64
2024-12-29,86,9,1.21
2023-08-07,86,43,2.94
2022-10-11,86,8,1.16
2022-10-03,86,42,4.72
2024-03-21,86,7,4.72
2024-09-12,86,3,4.1
2024-07-13,86,36,3.25
2024-09-23,87,26,2.61
2024-08-04,87,32,4.65
2023-07-02,87,37,1.88
2023-04-30,87,44,1.18
2024-05-06,87,35,4.96
2022-05-04,87,34,3.3
2024-03-26,87,45,3.21
2023-05-27,87,40,1.46
2022-08-16,87,20,4.04
2023-11-25,87,27,1.97
2024-08-31,87,16,3.29
2024-04-08,87,36,3.76
2022-07-28,87,19,2.54
2022-12-28,87,5,2.96
2022-07-11,87,38,3.24
2023-12-31,87,17,1.93
2023-07-08,87,30,2.55
2024-09-11,87,10,2.89
2024-04-04,87,1,4.02
2024-08-28,87,31,4.22
2022-06-01,87,15,4.86
2024-04-30,87,49,2.72
2023-07-19,88,46,3.06
2024-12-15,88,37,4.34
2022-01-29,88,23,1.67
2022-09-06,88,30,2.47
2023-09-27,88,41,3.7
2023-11-13,88,13,4.03
2023-02-08,88,19,1.67
2023-08-25,88,12,4.57
2023-11-26,88,1,1.28
2024-05-13,88,25,2.58
2022-12-25,88,44,1.67
2023-12-03,88,43,2.98
2022-01-01,88,7,3.31
2023-05-21,88,36,2.72
2024-05-27,88,17,4.23
2023-06-20,88,15,4.7
2024-12-09,88,22,3.98
2024-03-29,88,50,4.15
2022-11-24,89,49,3.07
2023-10-18,89,50,2.6
2024-09-04,89,9,3.09
2022-08-01,89,36,2.27
2023-04-16,89,16,3.72
2024-04-15,89,19,3.95
2023-02-17,89,41,1.03
2024-12-05,89,30,1.44
2023-11-01,89,45,1.87
2022-09-24,89,4,1.88
2022-02-14,89,39,2.7
2023-07-05,89,22,1.36
2022-03-05,89,27,1.17
2023-05-17,89,47,2.9
2022-03-03,90,9,4.87
2023-01-05,90,24,2.74
2022-02-11,90,13,4.87
2022-10-06,90,40,4.3
2023-11-18,90,4,1.63
2023-12-29,90,44,4.43
2022-08-06,90,31,1.09
2022-10-01,90,21,2.46
2024-06-06,90,20,2.51
2023-03-11,90,35,2.85
2023-01-12,90,37,3.96
2022-10-29,90,46,1.93
2024-02-03,90,10,3.65
2023-03-20,90,27,3.09
2022-10-08,90,26,1.41
2023-03-14,90,7,2.34
2022-10-13,90,33,1.26
2023-03-12,90,1,2.54
2024-10-12,90,47,2.12
2023-09-25,90,36,3.86
2022-02-15,90,38,2.41
2023-09-13,90,2,1.6
2024-04-25,90,8,3.19
2022-01-29,90,50,1.69
2023-01-01,90,17,3.35
2022-05-25,90,19,2.53
2022-03-10,90,39,3.99
2023-12-25,90,43,2.47
2022-10-18,90,22,3.71
2024-12-09,90,45,4.57
2024-12-12,90,16,3.49
2023-03-16,90,23,2.74
2023-10-08,90,11,4.6
2024-02-16,90,29,2.19
2023-07-21,90,41,2.19
2024-07-03,90,6,1.7
2022-07-24,91,28,2.41
2023-09-04,91,44,4.4
2022-07-13,91,41,4.11
2022-08-16,91,5,3.23
2024-08-11,91,9,1.38
2024-03-09,91,42,4.54
2022-03-29,91,32,2.0
2023-02-14,91,26,4.32
2022-02-28,91,17,4.89
2023-04-13,91,47,3.55
2023-02-07,91,23,3.73
2024-08-25,91,16,4.96
2024-10-30,91,33,3.7
2023-05-23,91,7,3.53
2023-02-08,91,3,4.13
2022-01-09,91,22,3.74
2023-11-05,91,18,3.25
2024-04-22,91,50,1.22
2022-07-05,91,37,2.61
2024-04-18,91,45,1.75
2022-11-01,91,43,1.54
2023-08-19,91,8,2.74
2023-12-12,92,26,3.55
2023-01-25,92,39,2.47
2024-01-23,92,10,1.81
2024-01-30,92,22,4.52
2023-02-15,92,16,2.76
2024-09-19,92,2,2.83
2024-02-22,92,9,3.8
2022-11-18,92,3,2.23
2023-06-18,92,32,4.18
2022-05-29,92,42,4.5
2024-01-28,92,5,2.3
2022-11-24,92,38,1.67
2022-12-10,92,27,2.18
2022-03-02,92,36,2.43
2024-02-20,93,45,3.59
2022-01-24,93,31,4.87
2022-01-08,93,47,2.97
2022-04-15,93,10,2.52
2024-10-06,93,23,3.92
2024-04-28,93,2,3.67
2022-02-25,93,41,3.29
2022-02-17,93,5,4.3
2024-12-10,93,28,4.0
2022-12-18,93,7,2.09
2022-03-16,93,24,4.17
2023-12-16,93,49,3.48
2023-11-17,93,21,1.35
2023-04-03,93,38,2.99
2023-02-08,93,17,4.39
2024-10-24,93,13,1.9
2023-08-27,93,16,4.22
2022-07-10,93,44,3.48
2024-01-18,93,35,4.78
2023-08-16,93,37,4.54
2022-09-18,93,32,2.44
2024-04-02,93,6,2.8
2024-11-25,94,15,1.95
2024-12-16,94,41,1.71
2022-06-14,94,27,4.26
2023-11-14,94,12,2.79
2024-05-13,94,17,1.45
2022-03-05,94,7,3.21
2024-08-22,94,1,1.67
2024-12-04,94,14,2.88
2024-02-06,94,33,2.86
2022-11-28,94,50,1.02
2023-04-01,94,13,4.37
2024-08-05,94,25,4.29
2023-09-12,94,9,3.1
2024-02-01,94,32,2.08
2022-04-25,94,3,4.58
2023-04-09,94,10,1.93
2024-05-05,94,44,4.21
2023-10-28,94,49,4.17
2024-04-01,94,46,2.51
2022-11-20,94,43,2.81
2022-09-12,94,36,2.88
2024-04-20,94,35,3.56
2023-02-17,94,6,1.84
2024-11-22,94,40,2.18
2024-01-23,94,38,4.75
2024-04-08,94,42,1.49
2023-06-11,94,45,2.38
2023-04-25,94,5,4.37
2022-02-02,94,29,2.65
2023-09-23,94,23,4.63
2023-11-08,94,37,4.56
2024-09-08,94,39,2.91
2024-01-27,94,20,1.07
2024-07-07,94,21,2.3
2022-08-01,94,11,3.53
2022-11-30,94,8,3.05
2023-03-25,94,22,1.51
2022-12-28,94,18,1.74
2024-12-21,95,21,2.88
2024-09-19,95,23,2.69
2022-09-27,95,26,1.13
2022-12-13,96,4,4.56
2024-06-12,96,16,3.59
2023-04-27,96,7,4.0
2023-06-12,96,26,4.56
2024-08-07,96,8,1.68
2022-05-16,96,42,1.31
2022-04-15,96,30,2.24
2024-05-07,96,19,4.55
2024-11-19,96,11,3.71
2022-08-29,96,33,2.2
2024-05-13,97,5,4.96
2024-02-27,97,41,3.31
2022-07-12,97,31,4.6
2023-03-12,97,17,3.21
2023-08-14,97,15,1.57
2023-08-06,97,44,1.14
2023-06-07,97,42,1.7
2023-08-12,97,7,3.22
2024-01-25,97,26,3.02
2024-03-31,97,11,4.37
2022-03-21,97,34,1.6
2022-10-16,98,11,4.15
2024-05-10,98,14,2.59
2024-09-12,98,25,1.84
2024-01-06,98,7,2.47
2023-09-24,98,12,1.7
2024-06-17,98,13,4.9
2024-11-08,98,40,3.98
2023-04-29,98,23,4.5
2022-01-07,98,39,3.28
2024-10-19,98,5,2.09
2022-11-02,98,34,3.93
2022-11-19,98,33,2.89
2022-06-06,98,9,1.02
2023-03-14,98,31,1.46
2024-05-23,98,29,2.63
2024-07-20,98,45,1.36
2023-04-11,98,27,3.0
2022-05-06,98,28,4.74
2024-02-23,98,3,3.71
2024-10-29,98,22,1.15
2022-09-13,98,35,4.38
2022-12-19,98,16,4.24
2024-08-28,98,30,2.15
2022-12-25,98,47,2.6
2022-09-07,98,15,2.43
2022-06-10,98,32,2.41
2024-08-22,98,38,4.89
2023-02-28,98,19,3.83
2022-11-06,98,8,4.51
2022-06-16,98,10,1.78
2023-04-26,98,49,1.63
2022-05-03,98,41,2.16
2022-11-26,98,50,3.67
2024-07-23,98,37,1.75
2024-09-22,98,6,4.16
2024-01-13,98,36,2.59
2024-05-06,98,44,1.05
2023-10-10,98,18,2.29
2022-11-26,98,24,2.76
2022-01-02,98,4,3.45
2024-02-06,98,17,4.46
2022-12-19,99,31,3.78
2024-10-25,99,22,2.24
2023-04-16,99,10,4.62
2024-10-09,99,33,1.68
2024-08-21,99,21,4.19
2023-09-07,99,43,4.52
2022-03-22,99,49,2.33
2024-01-27,99,44,2.39
2023-08-14,99,17,2.15
2024-03-02,99,42,1.03
2024-12-22,99,9,4.35
2023-01-23,99,48,4.31
2023-11-07,99,19,1.15
2023-10-22,99,41,1.73
2024-01-20,99,50,3.75
2022-04-20,99,37,4.05
2024-02-03,99,7,4.35
2023-05-23,99,28,4.75
2023-06-20,99,11,4.27
2022-04-11,99,27,4.79
2023-12-05,99,39,4.63
2024-01-08,99,18,3.12
2023-10-08,99,36,2.98
2024-01-11,99,6,1.66
2023-06-21,99,25,3.61
2024-10-01,99,15,4.83
2023-05-02,99,5,1.75
2023-01-05,99,45,4.28
2023-11-04,99,1,2.39
2023-06-27,99,2,3.7
2022-10-26,99,30,4.34
2022-03-08,99,40,1.69
2022-07-08,99,3,1.64
2022-03-20,99,35,1.96
2023-09-14,99,14,3.04
2024-03-26,99,20,1.5
2022-11-10,99,16,3.51
2024-07-30,99,13,1.34
2024-07-08,99,4,2.65
2023-05-27,99,38,2.47
2022-05-17,99,32,3.51
2022-04-14,99,8,4.09
2022-04-12,99,47,4.75
2022-01-02,99,34,2.44
2024-03-08,99,29,2.25
2024-11-26,99,26,3.86
2024-12-29,100,38,1.58
2023-03-25,100,22,3.89
2022-06-11,100,43,4.62
2022-12-20,100,3,2.54
2023-09-08,100,42,1.64
2024-11-29,100,37,1.32
2024-09-29,100,4,3.33
2022-03-10,100,20,4.66
2022-03-30,100,41,1.14
2023-06-14,100,29,2.25
2024-08-31,100,26,3.04
2023-04-11,100,7,4.24
2024-06-04,100,24,4.9
2023-06-08,100,19,2.26
2023-02-08,100,13,1.84
2023-12-14,100,39,1.57
2024-03-26,100,10,4.66
2024-12-07,100,34,2.5
2024-01-04,100,6,1.65
2022-08-20,100,48,3.81
2022-09-06,100,35,2.93
2024-11-13,100,32,1.19
2022-09-29,100,44,2.02
2022-03-28,100,30,4.57
2024-08-21,100,36,3.14
2023-12-24,100,2,2.33
2023-01-02,100,27,2.53
2024-01-26,100,40,2.08
2023-11-21,100,33,3.96
2023-12-11,100,14,4.14
2024-05-29,100,17,3.2
2023-04-16,100,16,2.34
2024-06-13,100,31,3.73
2023-02-05,100,9,2.22
2023-10-18,100,45,4.68
2023-05-04,100,11,2.87
2022-08-29,100,18,1.96
2023-10-16,100,23,3.81
